{"cameraMode":{"drawMode":0,"name":"Shaded","section":"Shading Mode"},"sceneLighting":true,"audioPlay":false,"sceneViewState":{"m_AlwaysRefresh":false,"showFog":true,"showSkybox":true,"showFlares":true,"showImageEffects":true,"showParticleSystems":true,"showVisualEffectGraphs":true,"m_FxEnabled":true},"in2DMode":false,"pivot":{"x":-1.8886218070983887,"y":7.403439521789551,"z":-43.262413024902347},"rotation":{"x":0.16832591593265534,"y":-0.06471578031778336,"z":0.011075593531131745,"w":0.9835430383682251},"size":9.104942321777344,"orthographic":false}